total_observations,kappa_star,size,mean_comp,KM1,KM2,KM1_error,KM2_error
0.0,0.0,0.0,0.0,0.0,0.0,0.0,0.0
20.0,0.5138717721227899,27.782608695652176,48.945234481240426,0.2827368801914735,0.28347324413268504,0.24617312021323154,0.2425606741519111
22.0,0.5040319806322411,23.076923076923077,50.382116493234676,0.16244344273047245,0.17687538709752493,0.346474304268414,0.3312581356541007
24.0,0.4767640095009802,24.296296296296298,50.86895713553048,0.2669721728229434,0.27539026705788877,0.22131021688266858,0.2116569220237105
26.0,0.5170563189438687,23.183673469387756,49.91016122636262,0.3628049617398109,0.3586816467361464,0.16546677565269477,0.16762677522411917
28.0,0.4397413795870241,23.404255319148938,50.760274647713665,0.2948005504593089,0.29275149034554354,0.15910018445727786,0.15819679368654604
30.0,0.4700798456001512,30.892857142857142,49.784459031289636,0.22248495864595655,0.22088595429515712,0.25256512079691207,0.25331224224299753
32.0,0.42353897032622456,25.91111111111111,50.69653634451652,0.33953805038948376,0.3364116231568704,0.09725384968161406,0.09634432644589942
34.0,0.5101748349540947,25.38888888888889,49.40335373701112,0.26951277940399965,0.264991306787838,0.2512099716890691,0.25410086531845266
36.0,0.44936761113974055,22.333333333333332,52.10869505270832,0.3358840652291632,0.3424437453341738,0.12502098817430699,0.11576702113092657
38.0,0.5063090041385403,28.08695652173913,49.76173049037153,0.3201452984577434,0.3216125700276589,0.19489148941441264,0.1907516498892284
40.0,0.5361682086486823,27.405405405405407,48.86244910765174,0.33072387465807573,0.3297444598339828,0.2186933745903558,0.21791335357625624
42.0,0.42182165397063975,26.08695652173913,49.371665968715604,0.3201821365048344,0.31609487878385306,0.1107364971275474,0.11123695208660953
44.0,0.42956423504820224,23.604166666666668,49.002019430744234,0.33646752300152216,0.329654791115175,0.09930904701225528,0.10365653091530587
46.0,0.6107344015420355,23.65909090909091,49.85362123573232,0.312505598558013,0.30215214570323634,0.3068176087790211,0.312890271091414
48.0,0.5159704112369985,23.023809523809526,51.416190352985474,0.31764546602082955,0.3191568984436663,0.20393991697340152,0.2014178914756534
50.0,0.514708044074863,29.125,50.030746571740835,0.31275946017277745,0.31296221041651473,0.20996552038427801,0.20900844892466552
52.0,0.43659889764262216,24.42222222222222,49.07041413113036,0.3714730609443485,0.3684091153847144,0.07307123174496633,0.07398699740152889
54.0,0.481995183546795,25.658536585365855,48.10623546984494,0.37924325099569006,0.3915477341653319,0.1127433472312345,0.0985772815872319
56.0,0.568997849301467,26.48148148148148,51.089820149176234,0.42709100085005036,0.4233693754907646,0.15206756720602524,0.15221482043914264
58.0,0.5341569312323724,27.85,52.66729423828597,0.33103637422848164,0.3309523017207533,0.21030438760533415,0.20931255896941278
60.0,0.5313374560586027,22.30952380952381,47.73168012479121,0.4038670224740785,0.4090079897995575,0.13565656734924436,0.12711822320446087
62.0,0.4498822230919029,27.727272727272727,52.48882951364121,0.3165442558897764,0.32680553720439703,0.1373228708783534,0.1264801838438903
64.0,0.4594971289523079,28.725,48.706649627472856,0.40132289010306854,0.3969075322809471,0.06470821987753865,0.06824662185825067
66.0,0.4861943753403298,22.547619047619047,46.619645362947516,0.3603965799848271,0.3512054213587364,0.1354979301610395,0.14077834490046737
68.0,0.44774683717379965,28.38888888888889,50.91792212147269,0.4205569308435343,0.42038594900432247,0.03392140476761866,0.03308199312798209
70.0,0.5183011322633144,26.1875,51.08553004381929,0.4092292987593564,0.38757171298195764,0.11602673772367382,0.13651804314006233
72.0,0.44556028257445324,22.275,51.0624193533419,0.3780346629349759,0.377616538528272,0.0794955076021682,0.0779094505080134
74.0,0.516626964757822,22.5609756097561,49.933663261896136,0.3915260096788918,0.3801272461128592,0.1306513829234355,0.14112401701357916
76.0,0.501473302479328,29.288888888888888,50.61970014275326,0.42414106878450786,0.4188657372898694,0.08652701497629636,0.08962879912332676
78.0,0.48636742975770153,24.217391304347824,52.72845394620936,0.4053753326170083,0.4044436409758952,0.08870061394904788,0.08814803354714117
80.0,0.6070951817262239,20.46153846153846,48.951276159592005,0.43402073562301724,0.42788451532307864,0.18091336155147272,0.18345097445971467
82.0,0.44519750917319656,24.136363636363637,49.897384353853454,0.31803884128213933,0.31346148452000033,0.13024845347522448,0.13445385698213932
84.0,0.47643493908597917,22.854166666666668,49.613914999491236,0.41468602707240354,0.4111396920369352,0.06867464475474434,0.07078509836422815
86.0,0.5106180472655478,25.63888888888889,49.64391948356872,0.36058154965366185,0.3686082110076332,0.152486629146308,0.14348873996895423
88.0,0.4967653015522971,24.404255319148938,48.84415759546258,0.39988277338735945,0.39929966461597227,0.10184662387271386,0.10134685355765775
90.0,0.4519889078590806,30.81578947368421,51.314323339583076,0.3789923687334663,0.37860412801424526,0.07886096589627739,0.07829368061733419
92.0,0.4507818238701717,24.130434782608695,49.70792886244312,0.39662085412887543,0.3903722544434623,0.05987589136899583,0.06476278729202312
94.0,0.5135957962340311,27.609756097560975,49.42170743198272,0.41969875990468614,0.42620864905987516,0.09992461477672267,0.09217260934051993
96.0,0.47433036853042704,24.955555555555556,50.83553581592057,0.39896037339887536,0.3945059881497307,0.082569590684238,0.08603376084758713
98.0,0.5222136688758593,25.365853658536587,50.09256124295999,0.43365951310537604,0.43280922812262174,0.09495906312779209,0.09439047547221707
100.0,0.4973308093154758,25.133333333333333,49.66627517607149,0.4150078982693767,0.4245174208983976,0.08928163877347603,0.07848133156501856
102.0,0.5175301246429841,26.872340425531913,49.79387245922474,0.462996149227861,0.45126459764994525,0.06094290401208402,0.07064995106281209
104.0,0.46487655847193277,24.208333333333332,49.13960085433039,0.37811149908589575,0.37542635163912963,0.09061311322053728,0.09245055751090063
106.0,0.5083352322583545,24.511627906976745,51.01205351219659,0.41585801594918104,0.40972714408899796,0.09698599732612447,0.10133316759366051
108.0,0.461830878721552,25.642857142857142,51.51713366137693,0.40942159835892006,0.39031672001492174,0.05754059692024467,0.07490965155126096
110.0,0.5315716490675579,26.90566037735849,50.86469680411295,0.37608170206013986,0.37670749310064106,0.15930975665016095,0.15836198394257736
112.0,0.41835032624153334,25.333333333333332,48.90779862113112,0.3862367203946067,0.3827691754219574,0.03418034766779241,0.03780556563441912
114.0,0.40208179224493584,28.0,50.2930182190144,0.3684359123023711,0.3640149126236672,0.03634248904936903,0.040190201086877576
116.0,0.4683701929948358,26.87878787878788,49.88427672766669,0.4296825795872704,0.42405915739864813,0.04245272827357432,0.047686437678817285
118.0,0.48954404525516115,28.023809523809526,49.95362526646427,0.3761385138414572,0.37742252285010086,0.11750403399316299,0.1154298852410246
120.0,0.4848308955697181,23.28125,53.06630842536651,0.33906435645387584,0.3401678491634718,0.1490094401990626,0.14770092045452965
122.0,0.4936550161578031,26.5,49.68081777117166,0.4293197012180354,0.42902815531975197,0.0691285860341046,0.06828175315075614
124.0,0.5015080994657121,23.17241379310345,48.25328888329148,0.4908253697922815,0.49652243199743284,0.015992187517016206,0.0104531672399961
126.0,0.5115570398513917,27.11627906976744,50.535235023315,0.4246182493580423,0.42414228423809874,0.09137763194375807,0.09098860076047616
128.0,0.4732289875197486,26.88,51.96513712298443,0.34751145934799305,0.3421280622976724,0.12839284439024992,0.1332766015875279
130.0,0.5226226150795055,21.585365853658537,48.640018467881255,0.40046849373362337,0.38828175931292513,0.126861097081692,0.13731252109901665
132.0,0.46864975240590073,31.473684210526315,48.87030890693341,0.3894808847707332,0.38455132327773556,0.08305339031903354,0.08792424719161404
134.0,0.5448308916978764,28.342105263157894,49.47575040176336,0.458537260257015,0.45772989406278203,0.09161791440698862,0.09094001431116977
136.0,0.4997647393826493,24.575,51.883790519679486,0.422674817793754,0.4163416476566294,0.0806290911728221,0.0863712014584224
138.0,0.47811234971026434,24.35135135135135,48.923324788094675,0.3963307831389501,0.39826448671190057,0.08647422002076639,0.08314249355797956
140.0,0.46877523004375926,24.952380952380953,48.23904769375533,0.3952292260854413,0.3989855769491146,0.07773019016621666,0.07319468215837564
142.0,0.46164183580586593,21.27659574468085,52.65789572366206,0.3970328317588906,0.39786002236907636,0.06705218348251805,0.06580208523298793
144.0,0.5018918546118931,26.026315789473685,50.75766417505986,0.40052238379810723,0.40314694164411946,0.1054048749404639,0.10292275867578762
146.0,0.5435723279115298,27.74,49.46663249767939,0.46619201829523227,0.461674406400321,0.08131557223059989,0.08486344700213193
148.0,0.5341562313611563,25.342105263157894,49.45850717075957,0.4357436201921158,0.436479477008063,0.10307419209730527,0.1013259257575893
150.0,0.4731768294193408,28.689655172413794,52.874661722113686,0.40304342775469143,0.40358040290186353,0.07466703560931615,0.07330504805150985
152.0,0.46448794363748147,26.91891891891892,50.68477536841755,0.3773256814139219,0.37221791904225193,0.08936821806686326,0.0940631915614485
154.0,0.5682623325927574,24.775,51.97416044077313,0.4759926157772341,0.4755266676668449,0.09600154904454768,0.09562696454468703
156.0,0.5079406216040421,29.186046511627907,50.256387721566234,0.4829604498140578,0.48374734072594583,0.02960758095991508,0.02818448691769135
158.0,0.5078216438844915,28.157894736842106,49.86169664325529,0.4059594505309263,0.40782542800981714,0.1054650312164423,0.10333267252846907
160.0,0.48435571696356783,28.341463414634145,52.06298420145233,0.4552714401974114,0.44687573563731253,0.03277711285362331,0.04051890605393528
162.0,0.5025579871616846,25.210526315789473,51.34637650950163,0.45286154003746665,0.44899174228827954,0.054133129273254144,0.05669338841004025
164.0,0.5098749222492066,25.176470588235293,49.66232204544042,0.3782019935588637,0.3844318050686232,0.1345550900533028,0.1278021281603936
166.0,0.46452881668884266,24.73076923076923,49.82167988012235,0.3335116810665719,0.34151165317579213,0.1335498052771055,0.12532146747774162
168.0,0.46802821324281946,25.35,48.49424006543044,0.37183097914532237,0.3710749979856748,0.0984698132242628,0.09881143852178007
170.0,0.5614649868955014,19.23076923076923,51.85198020682427,0.4517614145373582,0.45277819091282573,0.11269795615523687,0.11136166075202024
172.0,0.43409766053223653,29.473684210526315,51.072685304058716,0.400872713940243,0.3955354476240056,0.035967980173746604,0.04065819582688091
174.0,0.4851132406584179,22.366666666666667,49.45079666646822,0.4472352804243819,0.4514064279223879,0.04080497248920702,0.0367413248228862
176.0,0.5223225621711607,24.175,51.399421940305594,0.46366630091833105,0.46843590319509854,0.06123147898719204,0.05622395619470681
178.0,0.4675401345177,25.823529411764707,50.71598331278763,0.3824326643779303,0.3831374748865213,0.08832708719386557,0.08724439795650459
180.0,0.46826856004890083,23.833333333333332,48.77093525950314,0.4023648626769278,0.3801014001638804,0.06873182156628682,0.08993634675914651
182.0,0.46813674362603985,27.91304347826087,49.637665966687734,0.4221999494671701,0.420402519248205,0.04804545829363185,0.049287034955464375
184.0,0.5371210191616248,27.75609756097561,49.544811978897684,0.4656202707497523,0.4660431452010862,0.07436241285731138,0.07347763372096429
186.0,0.4754036542922435,25.790697674418606,49.95422684396851,0.4459700722833196,0.4425996256146772,0.03270443399838161,0.036166821873563265
188.0,0.4939709064923035,22.069767441860463,48.69061530211413,0.40357140643137307,0.405011005957614,0.09314596532317451,0.09167502578586731
190.0,0.45271767540444824,24.6,50.54677090745655,0.39100068080090516,0.3943208010698543,0.0628482304310628,0.05957074473795484
192.0,0.4913867407965053,26.208333333333332,49.38426758407326,0.4619363076704052,0.45814974409140913,0.032530893205605815,0.03593333212939707
194.0,0.44898412445055935,26.02127659574468,49.54379577327178,0.42002598682492576,0.4226911885644148,0.03163271426627898,0.028561886513717438
196.0,0.43594375263889673,23.463414634146343,48.985884656984254,0.4295067715119072,0.4305375965416945,0.00919352827940417,0.007752990263920727
198.0,0.4795592616349461,25.076923076923077,50.794232787116535,0.40168564131483847,0.4027042256250165,0.08060597885168183,0.07907281943606886
200.0,0.5102811135640074,23.651162790697676,48.649069779307844,0.4628088519330022,0.463342363617762,0.04953302492443478,0.04859382636494344
202.0,0.4810039500885146,24.78048780487805,48.729869214312515,0.4285842505791028,0.4267808915646051,0.05479897240130881,0.05623649802253927
204.0,0.5244160056309374,24.0,52.317807584263115,0.4205579245020161,0.420545460326783,0.10671930229105492,0.10586471624197098
206.0,0.4709228619910542,28.38095238095238,49.48968089042292,0.42148023329011003,0.42378155542229157,0.05106843830684134,0.048647179336245315
208.0,0.5057727818547207,25.5,49.17862408714338,0.4030692216091538,0.4047726048032592,0.10477814295308396,0.10299212974760774
210.0,0.5289322782469962,29.21276595744681,50.513023404955646,0.4640290157552852,0.46194130030493163,0.06772699709363907,0.06975917633050445
212.0,0.6197026894896839,24.676470588235293,48.382447252484525,0.5093026284342956,0.515873515705668,0.11321042891688009,0.10614029718028493
214.0,0.5016727467480164,25.142857142857142,49.546740405070004,0.49698138447860224,0.49391538573798044,0.007822956552561608,0.009919604857580649
216.0,0.4590931069255782,23.853658536585368,50.851739002912126,0.40841574099598543,0.4102133860311428,0.05369952515415004,0.0513413278288257
218.0,0.4959335353908223,26.6,50.63729216257219,0.4483322912949523,0.44969251678792616,0.049614134085793155,0.04820005334183958
220.0,0.3882254786838632,30.095238095238095,51.132294531464744,0.3589463230547992,0.3599209511171803,0.03147044229936528,0.030325260656971265
222.0,0.5043722080665175,22.903225806451612,47.83955192409911,0.46910713239943247,0.4695326420088994,0.03820754773222691,0.03747291714579761
224.0,0.5156591689139449,25.405405405405407,49.95020590413563,0.4586899454648089,0.46191079895451254,0.05803576164775859,0.05437695205868885
226.0,0.4604934681524462,24.34285714285714,48.22500179919253,0.42620335293476824,0.42853553708097925,0.036551144723257614,0.033982174891861366
228.0,0.5020917070511308,30.52173913043478,51.39028338684463,0.49722833110465137,0.4972892210360026,0.006722525625204744,0.006435857432127601
230.0,0.49906928720066046,28.512820512820515,49.88214020132199,0.47179603045240437,0.4720645201530104,0.02972614696821317,0.029282185527747584
232.0,0.4956564115321266,30.024390243902438,48.4760322785561,0.46564466021448075,0.46790195958482594,0.03196807142977699,0.029663002603879395
234.0,0.49983875116991844,24.347826086956523,50.74726739298992,0.47582022206727254,0.4762788265358966,0.026006779805486553,0.02535186078765889
236.0,0.5192611685650671,25.285714285714285,48.55495761142696,0.42799943782765526,0.44027520915864077,0.09280585402761705,0.08028208785902942
238.0,0.546129121241061,26.23913043478261,49.64708864107504,0.5011160769163984,0.5008709422337961,0.04696277925935082,0.04694328261350184
240.0,0.50502109135764,27.166666666666668,49.62296386617225,0.46929568511852143,0.47005608596371523,0.036971454418882235,0.03602762310370326
242.0,0.4664880085845198,24.377777777777776,50.36966166629112,0.4422882586207094,0.4428047037676698,0.026118420537147826,0.025436350675657242
244.0,0.4656398719415785,25.526315789473685,51.20084677147446,0.4312437297757554,0.4246483656323048,0.036112138752438544,0.042529822303399495
246.0,0.5035835853409723,25.88888888888889,50.13149558724477,0.4046051478376747,0.4002832772837578,0.10138832992392363,0.10542862108724671
248.0,0.4382060243846607,25.428571428571427,50.3357606390107,0.4320666576830681,0.4334433307083538,0.007668456522322604,0.006368251269012276
250.0,0.42698296401738534,24.128205128205128,49.08812846105541,0.41777582544178726,0.42184162334660413,0.010730330198932084,0.006334454071196551
252.0,0.5578262741251901,25.209302325581394,50.38356078572715,0.46568651593525684,0.4655813585501789,0.09421663449527196,0.09396766908925977
254.0,0.5529362287463973,26.634146341463413,49.95423996977746,0.43191291306516366,0.42759909308743793,0.1221528682846121,0.12635251134130265
256.0,0.4356701772398648,27.738095238095237,48.66643622475094,0.3588734276328335,0.3626913726194841,0.07755069517495286,0.07368674917870593
258.0,0.5444172768348441,27.88,50.6747152481167,0.4645599913441324,0.46689132444161885,0.08159021007891283,0.07914476754263794
260.0,0.4373789289395763,25.035714285714285,49.836531842818886,0.3968590808844659,0.39773409502588425,0.04204192525821977,0.04100221322635864
262.0,0.5315846751353728,27.175,49.003183951629275,0.4328529973913301,0.43408907541204866,0.10003692731047949,0.0987709698103303
264.0,0.5120267650235775,26.11627906976744,50.633636753518985,0.4840735710601568,0.486700103931165,0.030803183155777295,0.02815196611126198
266.0,0.5370497008011852,27.176470588235293,49.774719706876965,0.4754642152441817,0.46867565112307175,0.06310732127602706,0.06993762927485703
268.0,0.46018599859114695,20.977272727272727,49.85832869576104,0.3869495971575748,0.3901962543039872,0.07424631382915282,0.07105313152407934
270.0,0.4665005234048108,27.244444444444444,49.864212142264456,0.44823041697118504,0.44823280383276454,0.01981757360518713,0.019690637701214677
272.0,0.4155436583964043,24.147058823529413,48.44190662758837,0.4060665186362952,0.41026840699508743,0.011378861984870023,0.006920192360497184
274.0,0.4856556719075564,29.404255319148938,49.15522639807025,0.4200033015369306,0.42221257136993334,0.06684623977066372,0.06479557282296909
276.0,0.40432545761238275,23.85185185185185,47.02072448879819,0.33899681761509876,0.3384607968315516,0.06629900816200106,0.06674531644279319
278.0,0.4817750845565644,29.893617021276597,49.46575563503638,0.4160252373851038,0.41747347722302475,0.06740176887582044,0.06572446522041721
280.0,0.4831515786937872,24.18,50.726988988564564,0.4566639570221041,0.4594101202236233,0.027921849231213408,0.025104010018015686
282.0,0.5109851702941227,25.333333333333332,50.17717133991242,0.4257775238800187,0.41298377694692645,0.08729300876727611,0.09980984210606612
284.0,0.49195025047106644,23.6046511627907,49.65611485817301,0.464724891373421,0.45699492510198964,0.029315159797615214,0.03682611097845244
286.0,0.5131317083674021,22.0,50.542310222227535,0.5074510239998045,0.4983781457485824,0.008103701779994544,0.016966320808199604
288.0,0.5280924740199808,28.452380952380953,50.70659666437826,0.5216340235245835,0.5204780775362098,0.00808371818187387,0.009163879358842178
290.0,0.4589012476521441,23.833333333333332,49.54478698489767,0.4194102558066366,0.4113127903668479,0.04030941438555326,0.04828594881633595
292.0,0.4909552841038057,25.395833333333332,49.18560679576682,0.48308494802919827,0.4852917264874872,0.010196926310665565,0.007918066397861261
294.0,0.49194726893431595,27.261904761904763,51.408517591196286,0.47962548187417653,0.47359751062399413,0.014071253963824682,0.01989735390311991
296.0,0.5493294854662178,27.951219512195124,50.57413371351432,0.49929613565087183,0.4998374275265151,0.051731776274469364,0.05093039507018988
298.0,0.48542816637490105,24.617021276595743,50.14945432473502,0.45973982578027867,0.46120838463194863,0.027654521696222033,0.026005587074642237
300.0,0.4889563277021318,26.048780487804876,48.51973396562445,0.4135107613543948,0.4144594197616515,0.07717069501259813,0.07586087822808495
302.0,0.5338348417721092,26.851063829787233,49.4369516437838,0.5080748202743836,0.5109258697961891,0.027828260726704815,0.024789197145797703
304.0,0.508177386768093,21.45,50.39697444521285,0.45651696955408577,0.4582696528413668,0.05304402867030341,0.05130455044531701
306.0,0.5008375190019004,26.40740740740741,49.59949180860057,0.46056539587673045,0.46329426507812943,0.041688389907009474,0.038789961105397196
308.0,0.47387948071234287,25.851063829787233,49.98680995147927,0.44620615080650616,0.44920323282897806,0.028285281362290613,0.025317602434434636
310.0,0.5694447267059959,22.366666666666667,51.57695352843129,0.5647650371699993,0.5672195628850782,0.006471098526854213,0.003755670963341705
312.0,0.55575420472101,21.04255319148936,49.75856031195933,0.5450101456401494,0.5428793947818551,0.012684709252940896,0.01450212196293176
314.0,0.4879705083175801,24.11111111111111,49.83689484505579,0.45873609238026664,0.4559093089664008,0.030502225687032074,0.03314816016415119
316.0,0.5205878164482911,25.025,49.33717667709716,0.49027783125493574,0.4859779519101589,0.03247093307629852,0.0365345070661116
318.0,0.5301526958611155,25.555555555555557,49.27634380234741,0.46165415003579185,0.4622121840935342,0.06975266497884074,0.0692678011612627
320.0,0.4763673679303457,26.477272727272727,50.895473298402315,0.44868682084921135,0.4492183188837032,0.029116615887950736,0.028389885734947662
322.0,0.5579802109900165,24.03846153846154,49.16433907000232,0.5471123638726509,0.5399333413488399,0.012451906661934874,0.019420240904189288
324.0,0.5445478913598208,24.5,51.35099817357985,0.48558618410709686,0.4865681082916041,0.060282375561900164,0.05909592497155886
326.0,0.5287788456296535,26.0625,50.187929497448124,0.49377603438455764,0.4971762395502824,0.035973451450683785,0.03302871216104557
328.0,0.43014153759804086,21.536585365853657,48.812904193100245,0.3979188388068845,0.4005567133681624,0.03249541916024085,0.029939394379418463
330.0,0.5389766659181058,24.714285714285715,51.588835698598984,0.5270470092756867,0.5184222126179403,0.012851241619935649,0.021709418225901056
332.0,0.5632150292162824,25.54054054054054,50.34276280620727,0.5580152724930212,0.5578881081631065,0.0078014621686101895,0.007747596994095985
334.0,0.5410026841215868,25.3953488372093,47.26378955704146,0.5325020900333128,0.5348651445009721,0.009753693294253424,0.0072165362050843
336.0,0.5124885685091292,25.166666666666668,49.50875547472341,0.4188148530318871,0.41904828643219183,0.09490418742025993,0.09461236460444282
338.0,0.4696419472562841,25.18,50.30070659182063,0.44127880637903005,0.4442983724237234,0.02977154251028348,0.026705001355572754
340.0,0.48201757475268203,23.41860465116279,49.73946155872069,0.4722073660814753,0.4750637033153333,0.010350520216031053,0.00754832744884589
342.0,0.5676999971583486,23.583333333333332,51.269382714923545,0.5355751395859164,0.5378638904099649,0.03322741109503011,0.03117165002833639
344.0,0.5526493696190086,24.641025641025642,49.480647952386875,0.47010482377796065,0.4560490487253808,0.08332044277356566,0.09758850747066718
346.0,0.5191630097913725,25.2,48.082547232426,0.4834516264725999,0.48702116905013854,0.036840509898673726,0.03352204334540734
348.0,0.45482518663253374,24.02857142857143,51.3681566603295,0.447270623708599,0.4491198776898742,0.008450322340143233,0.006505099832143531
350.0,0.47700240920707515,26.87719298245614,49.83974568305539,0.4359309678045417,0.4331895003973605,0.04235166935958361,0.04507933756608614
352.0,0.46850051138943133,24.414634146341463,49.80596160638585,0.45955807304297686,0.4628063667270651,0.010451904982200697,0.007312609475741798
354.0,0.48844866930340863,21.372093023255815,47.68468777136384,0.4565029562219539,0.4559757383942688,0.032447754242651165,0.03323289171386826
356.0,0.46694257901272207,25.46153846153846,49.734750687382906,0.42176396555837103,0.423479967846485,0.04582814615019584,0.04418860112978473
358.0,0.4695455850065583,28.35135135135135,50.898860056704244,0.4131934383935768,0.41495899331042596,0.057575458161874836,0.05538861525759169
360.0,0.4962601803291803,24.2972972972973,47.86075986256743,0.4620408769283365,0.4594577107111189,0.03543300765388416,0.037906452793233264
362.0,0.5215255841230341,27.571428571428573,48.30401301005736,0.5131951890339963,0.5142362914813937,0.009503184488712652,0.008679965790301445
364.0,0.49779038850033747,28.263157894736842,49.912757565439584,0.44174835999923473,0.4437058357392232,0.0570975954461031,0.0550173238142016
366.0,0.5049723582031438,23.72972972972973,48.26643432281164,0.4151958505893238,0.4128623333262727,0.09086099996548982,0.0931747569777321
368.0,0.4558464183856107,25.72340425531915,49.67903929768428,0.42828138726890536,0.430921057205749,0.02876032281045494,0.026154572360104333
370.0,0.4512297520924591,20.484848484848484,51.59579660175897,0.44531241741362093,0.44620285245465535,0.0074840755875935595,0.006873622538723773
372.0,0.5152071616458938,24.482758620689655,49.55251722069641,0.47309478271800204,0.4698131339387328,0.0431172138109082,0.04646411081830288
374.0,0.4259881706399603,30.285714285714285,49.38900931380453,0.41827671758172086,0.4213142629466378,0.008219445947627997,0.005761465328647148
376.0,0.47931374608744276,22.23076923076923,52.20910500361275,0.4455566772310597,0.447978224183083,0.03439002656737113,0.03186959426896382
378.0,0.49056517491420365,24.658536585365855,50.55123179632137,0.4355804996101708,0.43827633008689504,0.05614395605633626,0.05355450749574053
380.0,0.5079688186117278,27.375,49.45538918965627,0.482781299732491,0.4834077503372441,0.026347151610171964,0.025767653189932505
382.0,0.5023595082469796,27.175,53.02609646224953,0.4691564169549075,0.471974167847714,0.0339507991328454,0.031185588547256737
384.0,0.5114434884778876,27.296296296296298,49.00249237355291,0.5058834915917729,0.5063788172592133,0.007334068796924143,0.006680996465954319
386.0,0.4458493362264964,27.0,49.448854336061956,0.41285160292426143,0.41659107672286655,0.03369642971002168,0.029869964981889208
388.0,0.48053533083261324,26.233333333333334,49.619094063315245,0.46868976920255107,0.47360554473391,0.013456249603414279,0.008294812348247442
390.0,0.4618262576687069,27.591836734693878,51.37894358171147,0.4345308742709479,0.43592092252467723,0.02819163940797371,0.026907104167915297
392.0,0.46890419907028363,24.57894736842105,52.70433617519249,0.4382689296741675,0.44066637142768417,0.031900683375071404,0.029501863923878494
394.0,0.434288806209064,23.82608695652174,49.76785916192565,0.42310187510504393,0.4221381320231817,0.01195579545217538,0.013018098514890213
396.0,0.47204398813725496,25.928571428571427,51.47315271065528,0.3987949503070262,0.40080198694974783,0.07399006533519152,0.07198302869247
398.0,0.5181554191153416,26.923076923076923,48.08524933359854,0.49320998424382956,0.4936939326409608,0.025986884920707307,0.025513797764262
400.0,0.48007992825524626,25.65,50.16743113412001,0.44453002513939666,0.4483670770653168,0.036265916454323664,0.03240994238852962
402.0,0.5243132038416144,24.976744186046513,47.363326925936086,0.5164128252767727,0.5181920250218401,0.009080990515356458,0.007203807092985832
404.0,0.4907822735461625,27.666666666666668,49.340803256477336,0.4818453319721516,0.48262962681626065,0.009735813290267853,0.009086749721466253
406.0,0.5055909070733763,26.681818181818183,51.56663798701532,0.47745919627101946,0.4808611342526887,0.029274538536847094,0.025989099796176373
408.0,0.4706424089971163,25.75,51.02217382452735,0.46317046011097707,0.4651047250855529,0.00894756573975164,0.0069131138514933925
410.0,0.4673904195398674,26.113636363636363,50.285811124595035,0.43867553058975123,0.44063932831900415,0.029297522846506326,0.02751481888870304
412.0,0.46582789311364764,27.789473684210527,48.97668187199119,0.4491103553194136,0.44376486709616086,0.017317984095997302,0.0226388457370664
414.0,0.5328600269362495,27.285714285714285,50.77866816796026,0.46019407753888897,0.4608364073041477,0.07390358915184468,0.07303052649969262
416.0,0.4555065590996675,25.170731707317074,50.60345141878369,0.4486206815302196,0.45132502557280985,0.00781463102131122,0.005259612637258544
418.0,0.4868894374325027,23.9,50.652723083861176,0.45585910308898103,0.4582490001846038,0.03181226750389748,0.029225645392704495
420.0,0.4687549278817011,26.28205128205128,51.0202734838406,0.415785967197767,0.41601497549647803,0.05348218188147229,0.0533720389123428
422.0,0.509362933094795,23.74468085106383,51.89463613800623,0.49880760056928086,0.4975883086867395,0.011534926380739424,0.012800381441061286
424.0,0.5192910518183685,23.71875,49.88705810779804,0.48321774442754867,0.49107615521370174,0.03714776836700812,0.029284458817305736
426.0,0.48644293996432936,28.681818181818183,52.29941000071926,0.4795829343242923,0.48044051719277564,0.007555735886978851,0.006614405485243963
428.0,0.5771451544797658,27.64864864864865,50.84001950052044,0.5679397365153045,0.5621037314201456,0.010903152252161458,0.016689754508619793
430.0,0.5081258134623305,25.18918918918919,52.88610777182266,0.4438808071914427,0.4283700477177859,0.06491278026916085,0.08039279497265664
432.0,0.5511323710940967,24.923076923076923,48.29314928118618,0.5168170134797317,0.5106632428558676,0.034927517455034425,0.041057293671641966
434.0,0.5611537174444308,24.927272727272726,51.23838450806932,0.5213900237037309,0.522780784994418,0.04127158523943439,0.03981153691914511
436.0,0.4796519263130316,22.511111111111113,49.83303825330025,0.46892253033668774,0.46855299104075837,0.011785850836270371,0.012027893773737882
438.0,0.523403325189342,20.023809523809526,48.458798038362566,0.4878545689786429,0.48478927652835696,0.03619758910032448,0.0393276209721049
440.0,0.47275859295694983,25.627450980392158,49.32070843071502,0.4235597418754014,0.4165090244436935,0.04970564437813569,0.05692388114367242
442.0,0.5077303237860731,27.428571428571427,49.31952675496011,0.5000183540457304,0.49967523661784635,0.008501611792567542,0.008962161265256645
444.0,0.49830577825328815,27.15686274509804,50.07048951455646,0.49057626895301043,0.4925025957553874,0.008337809632622515,0.006532338032092698
446.0,0.4979908203134784,24.804878048780488,49.78875925298028,0.4661515535235432,0.46815221473479557,0.03267134122710726,0.030666236951388023
448.0,0.5029011275566133,26.681818181818183,51.55048870533799,0.4974163967237246,0.4984997292710865,0.006518430949267809,0.0054809705462088056
450.0,0.5040399266955167,26.307692307692307,50.04401507525368,0.46735879444922357,0.46446195053312334,0.03710542695190394,0.04018183150670596
452.0,0.467738394568924,22.886363636363637,49.41052650795445,0.4174507407351458,0.41913591416560153,0.0509208621270232,0.049333194238726466
454.0,0.4401873066295617,26.714285714285715,50.75780172336667,0.4300947068399782,0.43281201744514786,0.010629551713265316,0.00783809654086563
456.0,0.5418761644817649,26.022222222222222,49.29514535305929,0.5118282310863257,0.5118862540485413,0.031230757804408416,0.03135679829604001
458.0,0.5002108256806003,26.393939393939394,51.22011159187776,0.49408012599502216,0.49640590030334636,0.006823435831722566,0.004856326711627123
460.0,0.4443879907723833,23.651162790697676,50.87243876118388,0.4316992540414549,0.4357518676256047,0.01313159551083217,0.009067493445622892
462.0,0.5382756310851445,24.711111111111112,48.980891731253514,0.504542138344538,0.493526164530861,0.034191141040076006,0.04516275085452793
464.0,0.4853635722573529,26.875,48.350069651883324,0.45821983368997615,0.4553808463717819,0.0283105045700644,0.031099608864721157
466.0,0.5318115434223816,26.736842105263158,49.10567481049393,0.5214631822592997,0.5234512952990842,0.010991752597164442,0.008958965469342415
468.0,0.5017629946642329,27.153846153846153,48.70651389322051,0.4927054664356153,0.4947095892649142,0.009728925557561602,0.0076951689929422185
470.0,0.522465517953701,23.304347826086957,47.52528334392767,0.4904304437667152,0.4898895553465696,0.03291306294433724,0.03341002604645808
472.0,0.49658179548915066,23.414634146341463,51.30655666690405,0.4918372835009075,0.49362184865119335,0.005913743481167607,0.00398970249900895
474.0,0.50043076865869,27.83783783783784,50.06813815125502,0.46217631724647956,0.4486588784716065,0.0390011949152093,0.05279111642493907
476.0,0.521085372081576,25.066666666666666,48.19921638586945,0.49217830934082396,0.4903757786825166,0.029480780623407688,0.03123495699594775
478.0,0.4898897419113814,29.170731707317074,50.80022338315278,0.43138584387263074,0.4271020301120979,0.059186418720010785,0.06349901012539305
480.0,0.4983221041915539,25.056603773584907,49.135012946427764,0.47305985242402643,0.47423448412205244,0.02593001116019068,0.024896283075139827
482.0,0.5400933951082888,25.61764705882353,50.84771640967579,0.5292199369164345,0.5315671913302112,0.011272279169108904,0.009310198641409946
484.0,0.42666273991981457,22.0,47.21721367655813,0.4168499400259777,0.42001830420659797,0.010767058283133044,0.0070555457719241555
486.0,0.4894488440169446,26.75,50.46226386204652,0.4777608271383327,0.47362840961384256,0.012137491625431075,0.01635593589121815
488.0,0.5261750912133799,25.09375,48.99347175841584,0.4868963552238238,0.4917367966462999,0.04014230433754695,0.035354597852838024
490.0,0.4717314945094275,23.533333333333335,48.926247624305326,0.4635458176371407,0.46665018709822276,0.009230288128337307,0.006053260154884015
492.0,0.5100874721375853,24.40909090909091,52.073104375675534,0.4606284864201309,0.46219936732018946,0.05006137795270354,0.04841749093279442
494.0,0.49859782332678293,23.8125,49.614175844742924,0.4688753823205613,0.4728451391036265,0.03033399444140447,0.02635092448564655
496.0,0.47189877412743586,25.319148936170212,50.31077268710792,0.4444031989492831,0.4475378708575161,0.02823498808815742,0.02507982310548926
498.0,0.5292979499616927,25.5,51.462031043113335,0.5055453496655494,0.5063415446468843,0.024528724777995545,0.02404096230097254
